{
  "error": false,
  "message": "Stories fetched successfully",
  "listStory": [
    {
      "id": "story-D2VecBT0ZLNsGeBN",
      "name": "tess",
      "description": "logi",
      "photoUrl": "https://story-api.dicoding.dev/images/stories/photos-1667052178004_M-9--3n9.jpg",
      "createdAt": "2022-10-29T14:02:58.007Z",
      "lat": -6.342342342342342,
      "lon": 106.87030642297793
    },
    {
      "id": "story-ANsf4Ngyvwf4j556",
      "name": "69",
      "description": "eeeeee",
      "photoUrl": "https://story-api.dicoding.dev/images/stories/photos-1667052100665_TbntNCXd.jpg",
      "createdAt": "2022-10-29T14:01:40.668Z",
      "lat": -6.1459694,
      "lon": 106.83638
    },
    {
      "id": "story-53uctiJbkrGyRvUB",
      "name": "69",
      "description": "gggg",
      "photoUrl": "https://story-api.dicoding.dev/images/stories/photos-1667052074538_Dblgusx8.jpg",
      "createdAt": "2022-10-29T14:01:14.541Z",
      "lat": null,
      "lon": null
    },
    {
      "id": "story-xN1iFKICpTqs8gio",
      "name": "anton",
      "description": "sedekah",
      "photoUrl": "https://story-api.dicoding.dev/images/stories/photos-1667051972226_CpUKyXPJ.jpg",
      "createdAt": "2022-10-29T13:59:32.227Z",
      "lat": null,
      "lon": null
    },
    {
      "id": "story-NhMbJ1QffLVFaKTe",
      "name": "anton",
      "description": "sedekah",
      "photoUrl": "https://story-api.dicoding.dev/images/stories/photos-1667051809831_8fRTgrAo.jpg",
      "createdAt": "2022-10-29T13:56:49.838Z",
      "lat": null,
      "lon": null
    }
  ]
}